cloud.google.com/go/auth,https://github.com/googleapis/google-cloud-go/blob/auth/v0.3.0/auth/LICENSE,Apache-2.0
cloud.google.com/go/auth/oauth2adapt,https://github.com/googleapis/google-cloud-go/blob/auth/oauth2adapt/v0.2.2/auth/oauth2adapt/LICENSE,Apache-2.0
cloud.google.com/go/compute/metadata,https://github.com/googleapis/google-cloud-go/blob/compute/metadata/v0.9.0/compute/metadata/LICENSE,Apache-2.0
cloud.google.com/go/iam,https://github.com/googleapis/google-cloud-go/blob/iam/v1.1.8/iam/LICENSE,Apache-2.0
cloud.google.com/go/internal,https://github.com/googleapis/google-cloud-go/blob/v0.112.2/LICENSE,Apache-2.0
cloud.google.com/go/storage,https://github.com/googleapis/google-cloud-go/blob/storage/v1.41.0/storage/LICENSE,Apache-2.0
github.com/Azure/azure-sdk-for-go/sdk/azcore,https://github.com/Azure/azure-sdk-for-go/blob/sdk/azcore/v1.22.0/sdk/azcore/LICENSE.txt,MIT
github.com/Azure/azure-sdk-for-go/sdk/internal,https://github.com/Azure/azure-sdk-for-go/blob/sdk/internal/v1.12.0/sdk/internal/LICENSE.txt,MIT
github.com/Azure/azure-sdk-for-go/sdk/storage/azblob,https://github.com/Azure/azure-sdk-for-go/blob/sdk/storage/azblob/v1.8.0/sdk/storage/azblob/LICENSE.txt,MIT
github.com/andybalholm/brotli,https://github.com/andybalholm/brotli/blob/v1.2.1/LICENSE,MIT
github.com/andybalholm/brotli/flate,https://github.com/andybalholm/brotli/blob/v1.2.1/flate/LICENSE,BSD-3-Clause
github.com/aws/aws-sdk-go-v2,https://github.com/aws/aws-sdk-go-v2/blob/v1.42.1/LICENSE.txt,Apache-2.0
github.com/aws/aws-sdk-go-v2/aws/protocol/eventstream,https://github.com/aws/aws-sdk-go-v2/blob/aws/protocol/eventstream/v1.7.14/aws/protocol/eventstream/LICENSE.txt,Apache-2.0
github.com/aws/aws-sdk-go-v2/config,https://github.com/aws/aws-sdk-go-v2/blob/config/v1.32.30/config/LICENSE.txt,Apache-2.0
github.com/aws/aws-sdk-go-v2/credentials,https://github.com/aws/aws-sdk-go-v2/blob/credentials/v1.19.29/credentials/LICENSE.txt,Apache-2.0
github.com/aws/aws-sdk-go-v2/feature/cloudfront/sign,https://github.com/aws/aws-sdk-go-v2/blob/feature/cloudfront/sign/v1.11.7/feature/cloudfront/sign/LICENSE.txt,Apache-2.0
github.com/aws/aws-sdk-go-v2/feature/ec2/imds,https://github.com/aws/aws-sdk-go-v2/blob/feature/ec2/imds/v1.18.30/feature/ec2/imds/LICENSE.txt,Apache-2.0
github.com/aws/aws-sdk-go-v2/internal/configsources,https://github.com/aws/aws-sdk-go-v2/blob/internal/configsources/v1.4.30/internal/configsources/LICENSE.txt,Apache-2.0
github.com/aws/aws-sdk-go-v2/internal/endpoints/v2,https://github.com/aws/aws-sdk-go-v2/blob/internal/endpoints/v2.7.30/internal/endpoints/v2/LICENSE.txt,Apache-2.0
github.com/aws/aws-sdk-go-v2/internal/sync/singleflight,https://github.com/aws/aws-sdk-go-v2/blob/v1.42.1/internal/sync/singleflight/LICENSE,BSD-3-Clause
github.com/aws/aws-sdk-go-v2/internal/v4a,https://github.com/aws/aws-sdk-go-v2/blob/internal/v4a/v1.4.31/internal/v4a/LICENSE.txt,Apache-2.0
github.com/aws/aws-sdk-go-v2/service/internal/accept-encoding,https://github.com/aws/aws-sdk-go-v2/blob/service/internal/accept-encoding/v1.13.13/service/internal/accept-encoding/LICENSE.txt,Apache-2.0
github.com/aws/aws-sdk-go-v2/service/internal/checksum,https://github.com/aws/aws-sdk-go-v2/blob/service/internal/checksum/v1.9.23/service/internal/checksum/LICENSE.txt,Apache-2.0
github.com/aws/aws-sdk-go-v2/service/internal/presigned-url,https://github.com/aws/aws-sdk-go-v2/blob/service/internal/presigned-url/v1.13.30/service/internal/presigned-url/LICENSE.txt,Apache-2.0
github.com/aws/aws-sdk-go-v2/service/internal/s3shared,https://github.com/aws/aws-sdk-go-v2/blob/service/internal/s3shared/v1.19.31/service/internal/s3shared/LICENSE.txt,Apache-2.0
github.com/aws/aws-sdk-go-v2/service/s3,https://github.com/aws/aws-sdk-go-v2/blob/service/s3/v1.105.2/service/s3/LICENSE.txt,Apache-2.0
github.com/aws/aws-sdk-go-v2/service/secretsmanager,https://github.com/aws/aws-sdk-go-v2/blob/service/secretsmanager/v1.43.1/service/secretsmanager/LICENSE.txt,Apache-2.0
github.com/aws/aws-sdk-go-v2/service/signin,https://github.com/aws/aws-sdk-go-v2/blob/service/signin/v1.4.1/service/signin/LICENSE.txt,Apache-2.0
github.com/aws/aws-sdk-go-v2/service/sso,https://github.com/aws/aws-sdk-go-v2/blob/service/sso/v1.32.1/service/sso/LICENSE.txt,Apache-2.0
github.com/aws/aws-sdk-go-v2/service/ssooidc,https://github.com/aws/aws-sdk-go-v2/blob/service/ssooidc/v1.37.1/service/ssooidc/LICENSE.txt,Apache-2.0
github.com/aws/aws-sdk-go-v2/service/sts,https://github.com/aws/aws-sdk-go-v2/blob/service/sts/v1.44.1/service/sts/LICENSE.txt,Apache-2.0
github.com/aws/smithy-go,https://github.com/aws/smithy-go/blob/v1.27.3/LICENSE,Apache-2.0
github.com/aws/smithy-go/internal/sync/singleflight,https://github.com/aws/smithy-go/blob/v1.27.3/internal/sync/singleflight/LICENSE,BSD-3-Clause
github.com/beorn7/perks/quantile,https://github.com/beorn7/perks/blob/v1.0.1/LICENSE,MIT
github.com/cespare/xxhash/v2,https://github.com/cespare/xxhash/blob/v2.3.0/LICENSE.txt,MIT
github.com/dgryski/go-rendezvous,https://github.com/dgryski/go-rendezvous/blob/9f7001d12a5f/LICENSE,MIT
github.com/dsnet/compress,https://github.com/dsnet/compress/blob/v0.0.1/LICENSE.md,BSD-3-Clause
github.com/felixge/httpsnoop,https://github.com/felixge/httpsnoop/blob/v1.0.4/LICENSE.txt,MIT
github.com/go-logr/logr,https://github.com/go-logr/logr/blob/v1.4.3/LICENSE,Apache-2.0
github.com/go-logr/stdr,https://github.com/go-logr/stdr/blob/v1.2.2/LICENSE,Apache-2.0
github.com/golang-jwt/jwt/v5,https://github.com/golang-jwt/jwt/blob/v5.3.1/LICENSE,MIT
github.com/golang/groupcache/lru,https://github.com/golang/groupcache/blob/41bb18bfe9da/LICENSE,Apache-2.0
github.com/golang/protobuf/proto,https://github.com/golang/protobuf/blob/v1.5.4/LICENSE,BSD-3-Clause
github.com/google/s2a-go,https://github.com/google/s2a-go/blob/v0.1.7/LICENSE.md,Apache-2.0
github.com/google/uuid,https://github.com/google/uuid/blob/v1.6.0/LICENSE,BSD-3-Clause
github.com/googleapis/enterprise-certificate-proxy/client,https://github.com/googleapis/enterprise-certificate-proxy/blob/v0.3.2/LICENSE,Apache-2.0
github.com/googleapis/gax-go/v2,https://github.com/googleapis/gax-go/blob/v2.12.4/v2/LICENSE,BSD-3-Clause
github.com/gorilla/mux,https://github.com/gorilla/mux/blob/v1.8.1/LICENSE,BSD-3-Clause
github.com/jackc/pgpassfile,https://github.com/jackc/pgpassfile/blob/v1.0.0/LICENSE,MIT
github.com/jackc/pgservicefile,https://github.com/jackc/pgservicefile/blob/5a60cdf6a761/LICENSE,MIT
github.com/jackc/pgx/v5,https://github.com/jackc/pgx/blob/v5.10.0/LICENSE,MIT
github.com/jackc/puddle/v2,https://github.com/jackc/puddle/blob/v2.2.2/LICENSE,MIT
github.com/joho/godotenv,https://github.com/joho/godotenv/blob/v1.5.1/LICENCE,MIT
github.com/klauspost/compress,https://github.com/klauspost/compress/blob/v1.18.6/LICENSE,Apache-2.0
github.com/klauspost/compress,https://github.com/klauspost/compress/blob/v1.18.6/LICENSE,BSD-3-Clause
github.com/klauspost/compress,https://github.com/klauspost/compress/blob/v1.18.6/LICENSE,MIT
github.com/klauspost/compress/internal/snapref,https://github.com/klauspost/compress/blob/v1.18.6/internal/snapref/LICENSE,BSD-3-Clause
github.com/klauspost/compress/zstd/internal/xxhash,https://github.com/klauspost/compress/blob/v1.18.6/zstd/internal/xxhash/LICENSE.txt,MIT
github.com/mfridman/interpolate,https://github.com/mfridman/interpolate/blob/v0.0.2/LICENSE.txt,MIT
github.com/modelcontextprotocol/go-sdk,https://github.com/modelcontextprotocol/go-sdk/blob/v1.7.0/LICENSE,Apache-2.0
github.com/modelcontextprotocol/go-sdk,https://github.com/modelcontextprotocol/go-sdk/blob/v1.7.0/LICENSE,MIT
github.com/munnerz/goautoneg,https://github.com/munnerz/goautoneg/blob/a7dc8b61c822/LICENSE,BSD-3-Clause
github.com/pressly/goose/v3,https://github.com/pressly/goose/blob/v3.26.0/LICENSE,MIT
github.com/prometheus/client_golang/internal/github.com/golang/gddo/httputil,https://github.com/prometheus/client_golang/blob/v1.20.5/internal/github.com/golang/gddo/LICENSE,BSD-3-Clause
github.com/prometheus/client_golang/prometheus,https://github.com/prometheus/client_golang/blob/v1.20.5/LICENSE,Apache-2.0
github.com/prometheus/client_model/go,https://github.com/prometheus/client_model/blob/v0.6.1/LICENSE,Apache-2.0
github.com/prometheus/common,https://github.com/prometheus/common/blob/v0.55.0/LICENSE,Apache-2.0
github.com/prometheus/procfs,https://github.com/prometheus/procfs/blob/v0.15.1/LICENSE,Apache-2.0
github.com/redis/go-redis/v9,https://github.com/redis/go-redis/blob/v9.18.0/LICENSE,BSD-2-Clause
github.com/riverqueue/river,https://github.com/riverqueue/river/blob/v0.45.0/LICENSE,MPL-2.0
github.com/riverqueue/river/riverdriver,https://github.com/riverqueue/river/blob/riverdriver/v0.45.0/riverdriver/LICENSE,MPL-2.0
github.com/riverqueue/river/riverdriver/riverpgxv5,https://github.com/riverqueue/river/blob/riverdriver/riverpgxv5/v0.45.0/riverdriver/riverpgxv5/LICENSE,MPL-2.0
github.com/riverqueue/river/rivershared,https://github.com/riverqueue/river/blob/rivershared/v0.45.0/rivershared/LICENSE,MPL-2.0
github.com/riverqueue/river/rivershared/levenshtein,https://github.com/riverqueue/river/blob/rivershared/v0.45.0/rivershared/levenshtein/License.txt,MIT
github.com/riverqueue/river/rivertype,https://github.com/riverqueue/river/blob/rivertype/v0.45.0/rivertype/LICENSE,MPL-2.0
github.com/segmentio/asm/ascii,https://github.com/segmentio/asm/blob/v1.2.1/LICENSE,MIT-0
github.com/segmentio/asm/base64,https://github.com/segmentio/asm/blob/v1.2.1/LICENSE,MIT-0
github.com/segmentio/asm/cpu,https://github.com/segmentio/asm/blob/v1.2.1/LICENSE,MIT-0
github.com/segmentio/asm/cpu/arm,https://github.com/segmentio/asm/blob/v1.2.1/LICENSE,MIT-0
github.com/segmentio/asm/cpu/arm64,https://github.com/segmentio/asm/blob/v1.2.1/LICENSE,MIT-0
github.com/segmentio/asm/cpu/cpuid,https://github.com/segmentio/asm/blob/v1.2.1/LICENSE,MIT-0
github.com/segmentio/asm/cpu/x86,https://github.com/segmentio/asm/blob/v1.2.1/LICENSE,MIT-0
github.com/segmentio/asm/internal/unsafebytes,https://github.com/segmentio/asm/blob/v1.2.1/LICENSE,MIT-0
github.com/segmentio/asm/keyset,https://github.com/segmentio/asm/blob/v1.2.1/LICENSE,MIT-0
github.com/segmentio/encoding,https://github.com/segmentio/encoding/blob/v0.5.4/LICENSE,MIT
github.com/sethvargo/go-retry,https://github.com/sethvargo/go-retry/blob/v0.3.0/LICENSE,Apache-2.0
github.com/tidwall/gjson,https://github.com/tidwall/gjson/blob/v1.19.0/LICENSE,MIT
github.com/tidwall/match,https://github.com/tidwall/match/blob/v1.2.0/LICENSE,MIT
github.com/tidwall/pretty,https://github.com/tidwall/pretty/blob/v1.2.1/LICENSE,MIT
github.com/tidwall/sjson,https://github.com/tidwall/sjson/blob/v1.2.5/LICENSE,MIT
go.opencensus.io,https://github.com/census-instrumentation/opencensus-go/blob/v0.24.0/LICENSE,Apache-2.0
go.opentelemetry.io/auto/sdk,https://github.com/open-telemetry/opentelemetry-go-instrumentation/blob/sdk/v1.2.1/sdk/LICENSE,Apache-2.0
go.opentelemetry.io/contrib/instrumentation/google.golang.org/grpc/otelgrpc,https://github.com/open-telemetry/opentelemetry-go-contrib/blob/instrumentation/google.golang.org/grpc/otelgrpc/v0.49.0/instrumentation/google.golang.org/grpc/otelgrpc/LICENSE,Apache-2.0
go.opentelemetry.io/contrib/instrumentation/net/http/otelhttp,https://github.com/open-telemetry/opentelemetry-go-contrib/blob/instrumentation/net/http/otelhttp/v0.69.0/instrumentation/net/http/otelhttp/LICENSE,Apache-2.0
go.opentelemetry.io/contrib/instrumentation/net/http/otelhttp,https://github.com/open-telemetry/opentelemetry-go-contrib/blob/instrumentation/net/http/otelhttp/v0.69.0/instrumentation/net/http/otelhttp/LICENSE,BSD-3-Clause
go.opentelemetry.io/otel,https://github.com/open-telemetry/opentelemetry-go/blob/v1.44.0/LICENSE,Apache-2.0
go.opentelemetry.io/otel,https://github.com/open-telemetry/opentelemetry-go/blob/v1.44.0/LICENSE,BSD-3-Clause
go.opentelemetry.io/otel/metric,https://github.com/open-telemetry/opentelemetry-go/blob/metric/v1.44.0/metric/LICENSE,Apache-2.0
go.opentelemetry.io/otel/metric,https://github.com/open-telemetry/opentelemetry-go/blob/metric/v1.44.0/metric/LICENSE,BSD-3-Clause
go.opentelemetry.io/otel/trace,https://github.com/open-telemetry/opentelemetry-go/blob/trace/v1.44.0/trace/LICENSE,Apache-2.0
go.opentelemetry.io/otel/trace,https://github.com/open-telemetry/opentelemetry-go/blob/trace/v1.44.0/trace/LICENSE,BSD-3-Clause
go.uber.org/atomic,https://github.com/uber-go/atomic/blob/v1.11.0/LICENSE.txt,MIT
go.uber.org/multierr,https://github.com/uber-go/multierr/blob/v1.11.0/LICENSE.txt,MIT
golang.org/x/crypto,https://cs.opensource.google/go/x/crypto/+/v0.54.0:LICENSE,BSD-3-Clause
golang.org/x/net,https://cs.opensource.google/go/x/net/+/v0.57.0:LICENSE,BSD-3-Clause
golang.org/x/oauth2,https://cs.opensource.google/go/x/oauth2/+/v0.36.0:LICENSE,BSD-3-Clause
golang.org/x/sync,https://cs.opensource.google/go/x/sync/+/v0.22.0:LICENSE,BSD-3-Clause
golang.org/x/sys,https://cs.opensource.google/go/x/sys/+/v0.47.0:LICENSE,BSD-3-Clause
golang.org/x/text,https://cs.opensource.google/go/x/text/+/v0.41.0:LICENSE,BSD-3-Clause
golang.org/x/time/rate,https://cs.opensource.google/go/x/time/+/v0.15.0:LICENSE,BSD-3-Clause
google.golang.org/api,https://github.com/googleapis/google-api-go-client/blob/v0.178.0/LICENSE,BSD-3-Clause
google.golang.org/api/internal/third_party/uritemplates,https://github.com/googleapis/google-api-go-client/blob/v0.178.0/internal/third_party/uritemplates/LICENSE,BSD-3-Clause
google.golang.org/genproto/googleapis/api,https://github.com/googleapis/go-genproto/blob/afd174a4e478/googleapis/api/LICENSE,Apache-2.0
google.golang.org/genproto/googleapis/rpc,https://github.com/googleapis/go-genproto/blob/afd174a4e478/googleapis/rpc/LICENSE,Apache-2.0
google.golang.org/genproto/googleapis/type,https://github.com/googleapis/go-genproto/blob/c3f982113cda/LICENSE,Apache-2.0
google.golang.org/grpc,https://github.com/grpc/grpc-go/blob/v1.82.1/LICENSE,Apache-2.0
google.golang.org/protobuf,https://github.com/protocolbuffers/protobuf-go/blob/v1.36.11/LICENSE,BSD-3-Clause
xprem,https://github.com/mercuretechnologies/xprem/blob/b46e13569f5734a66ed903f75f51b87b78e80c1b/LICENSE.md,MIT
xprem/internal/bsdiff,https://github.com/mercuretechnologies/xprem/blob/b46e13569f5734a66ed903f75f51b87b78e80c1b/internal/bsdiff/LICENSE,BSD-2-Clause
